LINK,TITLE,LOCATION,DATE,COMPANY
https://www.saramin.co.kr/zf_user/jobs/relay/view?isMypage=no&rec_idx=45847983,2023년 신입 및 경력 채용,경기성남시 분당구,~ 07/31(월),(주)디알텍
https://www.saramin.co.kr/zf_user/jobs/relay/view?isMypage=no&rec_idx=46171051,신일제약㈜ 2023년 하반기 수시채용,서울동대문구,내일마감,신일제약(주)
https://www.saramin.co.kr/zf_user/jobs/relay/view?isMypage=no&rec_idx=46042382,캐논코리아 각 부문 채용 (본사/지사),서울강남구,~ 07/31(월),캐논코리아 주식회사
https://www.saramin.co.kr/zf_user/jobs/relay/view?isMypage=no&rec_idx=46125206,2023년 신입 및 경력 공개채용,서울서대문구,~ 08/01(화),남광토건(주)
https://www.saramin.co.kr/zf_user/jobs/relay/view?isMypage=no&rec_idx=46136576,2023년 각 부문 신입 및 경력 채용,경북구미시,~ 07/26(수),덕우전자(주)
https://www.saramin.co.kr/zf_user/jobs/relay/view?isMypage=no&rec_idx=46127917,[고려아연 계열 / 영풍정밀] 부문별 신입/경력사원 채용,경기안산시,내일마감,영풍정밀(주)
https://www.saramin.co.kr/zf_user/jobs/relay/view?isMypage=no&rec_idx=46169327,CREVERSE 신입/경력사원 수시채용,서울강남구,~ 07/31(월),(주)크레버스
https://www.saramin.co.kr/zf_user/jobs/relay/view?isMypage=no&rec_idx=46043729,2023년 7월 국내 및 해외 전부문 수시 채용,충남천안시 동남구,~ 07/31(월),(주)엔켐
https://www.saramin.co.kr/zf_user/jobs/relay/view?isMypage=no&rec_idx=46159811,2023 LOUIS VUITTON 신입 및 경력 채용,서울강남구,~ 07/28(금),루이비통코리아(유)
https://www.saramin.co.kr/zf_user/jobs/relay/view?isMypage=no&rec_idx=46180691,㈜금양 생산직(본사-사상구) 모집 공고,부산사상구,~ 07/30(일),㈜금양
https://www.saramin.co.kr/zf_user/jobs/relay/view?isMypage=no&rec_idx=46132782,(주)에코비트 신입/경력직 채용,서울송파구,~ 07/30(일),(주)에코비트
https://www.saramin.co.kr/zf_user/jobs/relay/view?isMypage=no&rec_idx=46167449,2023년도 대규모 신입/경력 채용모집,경기전체,~ 08/16(수),(주)넥스플러스
https://www.saramin.co.kr/zf_user/jobs/relay/view?isMypage=no&rec_idx=46128853,㈜세라젬 각 부문 대규모 채용,서울강남구,~ 07/26(수),(주)세라젬
https://www.saramin.co.kr/zf_user/jobs/relay/view?isMypage=no&rec_idx=46065100,하나제약(주) 각 부문 채용,서울강남구,~ 07/31(월),하나제약(주)
https://www.saramin.co.kr/zf_user/jobs/relay/view?isMypage=no&rec_idx=46062363,"2023 신입/경력사원 모집-서울:영업,제품디자이너,웹디자이너,,SCM,구매/남양주:생산관리,사무/미국:생산직",서울영등포구,~ 07/31(월),(주)알티스트
https://www.saramin.co.kr/zf_user/jobs/relay/view?isMypage=no&rec_idx=46172130,천안 불당동 현장 안전감시단 모집,충남천안시 서북구,~ 08/17(목),SNS세이프티
https://www.saramin.co.kr/zf_user/jobs/relay/view?isMypage=no&rec_idx=46116095,파마리서치 하반기 추가채용,경기성남시 분당구,오늘마감,(주)파마리서치
https://www.saramin.co.kr/zf_user/jobs/relay/view?isMypage=no&rec_idx=46190283,㈜대우에스티 [대우건설 자회사] '23년 신입/경력직 공개채용 (경영기획/철골/PC/현장소장/공사/CS),서울종로구,~ 07/31(월),(주)대우에스티
https://www.saramin.co.kr/zf_user/jobs/relay/view?isMypage=no&rec_idx=45982848,사업확장에 따른 전 부문 채용,서울송파구,~ 07/26(수),바이오플러스(주)
https://www.saramin.co.kr/zf_user/jobs/relay/view?isMypage=no&rec_idx=46040091,2023년 해커스 교육그룹 [신입/경력] 각 부문별 채용공고,서울서초구,~ 07/31(월),㈜해커스교육그룹
https://www.saramin.co.kr/zf_user/jobs/relay/view?isMypage=no&rec_idx=45385266,각 분야 채용공고,서울용산구,~ 07/31(월),(주)디모아
https://www.saramin.co.kr/zf_user/jobs/relay/view?isMypage=no&rec_idx=46203146,2023 하반기 금융 사업팀 개발자 신입/경력 직원 채용,서울구로구,~ 09/21(목),(주)이엘온소프트
https://www.saramin.co.kr/zf_user/jobs/relay/view?isMypage=no&rec_idx=46055369,2023년 에스피파트너스 하반기 채용 공고,대구동구,~ 08/31(목),(주)에스피파트너스
https://www.saramin.co.kr/zf_user/jobs/relay/view?isMypage=no&rec_idx=46027136,[DBA/정보보안/QA/클라우드엔지니어/SAP(FI)/데이터분석],서울서초구,상시채용,㈜해커스교육그룹
https://www.saramin.co.kr/zf_user/jobs/relay/view?isMypage=no&rec_idx=46096839,주니어 데이터 분석가 / 데이터 사이언티스트,서울마포구,~ 09/05(화),(주)씨즈데이터
https://www.saramin.co.kr/zf_user/jobs/relay/view?isMypage=no&rec_idx=41757583,2023년 하반기 신입 및 경력 대규모 채용,서울금천구,~ 07/31(월),(주)스마일코리아
https://www.saramin.co.kr/zf_user/jobs/relay/view?isMypage=no&rec_idx=46037126,[아이디어키] 2023년 각 부문 신입/경력 채용,서울강남구,~ 08/31(목),(주)아이디어키
https://www.saramin.co.kr/zf_user/jobs/relay/view?isMypage=no&rec_idx=46182396,[노르마]각 부문별 개발자 채용(병역특례가능),서울성동구,~ 08/18(금),(주)노르마
https://www.saramin.co.kr/zf_user/jobs/relay/view?isMypage=no&rec_idx=45799330,JAVA WEB개발/클라우드/머신러닝/챗봇구축,서울강남구,오늘마감,주식회사 솔트룩스이노베이션
https://www.saramin.co.kr/zf_user/jobs/relay/view?isMypage=no&rec_idx=46172233,SFA 2023년 특별채용 (우수 전문학사),충남아산시,~ 08/13(일),(주)에스에프에이
https://www.saramin.co.kr/zf_user/jobs/relay/view?isMypage=no&rec_idx=45834462,헥토이노베이션 직군별 인재 모집,서울강남구,~ 07/31(월),(주)헥토이노베이션
https://www.saramin.co.kr/zf_user/jobs/relay/view?isMypage=no&rec_idx=46178239,㈜파이버프로 2023년도 부문별 채용공고,대전유성구,~ 08/08(화),(주)파이버프로
https://www.saramin.co.kr/zf_user/jobs/relay/view?isMypage=no&rec_idx=46196502,응용 SW 개발자 (신입/주니어),서울강남구,상시채용,(주)알세미
https://www.saramin.co.kr/zf_user/jobs/relay/view?isMypage=no&rec_idx=45721504,전 직무 채용 [물류자동화/개발/설계/PM/기획/영업],경기성남시 분당구,~ 07/31(월),(주)원익로보틱스
https://www.saramin.co.kr/zf_user/jobs/relay/view?isMypage=no&rec_idx=46146876,[Salesforce/업계 1위] Java 개발자 채용 - 신입/경력(2년~5년),서울마포구,~ 08/13(일),(주)아이투맥스
https://www.saramin.co.kr/zf_user/jobs/relay/view?isMypage=no&rec_idx=46112161,(주)리파인 각 부문별 신입/경력 채용공고,서울강남구,~ 07/31(월),(주)리파인
https://www.saramin.co.kr/zf_user/jobs/relay/view?isMypage=no&rec_idx=45874887,[HYBE] ITSM/CS,서울용산구,채용시,(주)하이브
https://www.saramin.co.kr/zf_user/jobs/relay/view?isMypage=no&rec_idx=46120760,각 부문별 신입/경력사원 모집,경기수원시,~ 07/28(금),(주)큐드
https://www.saramin.co.kr/zf_user/jobs/relay/view?isMypage=no&rec_idx=46196228,[HL Klemove] 2023 하반기 1차 신입/경력 채용 (R&D),경기성남시 수정구,~ 08/06(일),(주)에이치엘클레무브
https://www.saramin.co.kr/zf_user/jobs/relay/view?isMypage=no&rec_idx=46078093,[인턴] DQ(데이터 품질 운영) 인턴,서울강남구,~ 07/31(월),(주)카카오스타일
https://www.saramin.co.kr/zf_user/jobs/relay/view?isMypage=no&rec_idx=46202744,SW개발 및 백엔드 개발자 모집 (마감 일자 수정),서울구로구,~ 07/28(금),(주)토탈시스
https://www.saramin.co.kr/zf_user/jobs/relay/view?isMypage=no&rec_idx=46178251,[캐시워크] 백엔드개발 채용전환형 인턴,서울강남구,~ 09/17(일),넛지헬스케어(주)
https://www.saramin.co.kr/zf_user/jobs/relay/view?isMypage=no&rec_idx=46035333,하반기 각 부문 신입/경력사원 공개채용,경기화성시,~ 07/31(월),(주)피아이이
https://www.saramin.co.kr/zf_user/jobs/relay/view?isMypage=no&rec_idx=46042346,캐논코리아 안산사업소 각 부문 채용 (일반 / 연구),경기안산시,~ 07/31(월),캐논코리아 주식회사
https://www.saramin.co.kr/zf_user/jobs/relay/view?isMypage=no&rec_idx=46047453,[에듀테크 스타트업 오누이] 분야별 채용,서울마포구,~ 07/31(월),(주)오누이
https://www.saramin.co.kr/zf_user/jobs/relay/view?isMypage=no&rec_idx=46142865,AI혁신본부 / 정규직 전환형 인턴사원,서울종로구,~ 07/30(일),미래에셋자산운용(주)
https://www.saramin.co.kr/zf_user/jobs/relay/view?isMypage=no&rec_idx=46180967,㈜켐트로닉스 전자사업본부 개발부문 상시채용,경기수원시 영통구,~ 08/02(수),(주)켐트로닉스
https://www.saramin.co.kr/zf_user/jobs/relay/view?isMypage=no&rec_idx=46156707,버블콘 개발자/PM/영업/기획 신입 및 경력 채용,서울구로구,~ 08/16(수),(주)버블콘
https://www.saramin.co.kr/zf_user/jobs/relay/view?isMypage=no&rec_idx=46189012,"[HL만도] 2023년 Brake BU 경력/신입 채용(평택, 화성, 판교)",경기평택시,~ 08/06(일),에이치엘만도(주)
https://www.saramin.co.kr/zf_user/jobs/relay/view?isMypage=no&rec_idx=45602030,[리트빅] 부문별 신입/경력 인재 채용,경기성남시 분당구,상시채용,(주)리트빅
https://www.saramin.co.kr/zf_user/jobs/relay/view?isMypage=no&rec_idx=46072031,[오픈메이트] 부문별 신입/경력 인재모집,서울서대문구,~ 08/02(수),(주)오픈메이트
https://www.saramin.co.kr/zf_user/jobs/relay/view?isMypage=no&rec_idx=45994903,개발자채용 (웹개발자/Frontend개발자/Backend개발자/Android개발자/IOS개발자),서울마포구,~ 08/06(일),(주)토마토체인
https://www.saramin.co.kr/zf_user/jobs/relay/view?isMypage=no&rec_idx=46147536,"(주)디엑솜 공개채용 [임상,기획팀,Bioinformatics,선행연구,QC]",경기성남시 분당구,~ 08/16(수),(주)디엑솜
https://www.saramin.co.kr/zf_user/jobs/relay/view?isMypage=no&rec_idx=46081402,㈜포르텍 2023년 영업직 채용 공고,서울영등포구,~ 07/31(월),(주)포르텍
https://www.saramin.co.kr/zf_user/jobs/relay/view?isMypage=no&rec_idx=46125932,오토플러스(주) JAVA 담당자 채용,서울영등포구,~ 08/11(금),오토플러스(주)
https://www.saramin.co.kr/zf_user/jobs/relay/view?isMypage=no&rec_idx=46088072,[㈜테크웨이즈] 각 부문별 신입·경력사원 모집,경기용인시 수지구,내일마감,(주)테크웨이즈
https://www.saramin.co.kr/zf_user/jobs/relay/view?isMypage=no&rec_idx=46120133,콘텐츠 기획/온라인 유통 MD/퍼포먼스 마케팅/CS/영상촬영,서울강남구,내일마감,(주)아이리스브라이트
https://www.saramin.co.kr/zf_user/jobs/relay/view?isMypage=no&rec_idx=46011365,"디자인 에이전시 팀장, 사원 채용 (연봉 인상 보장)",서울강남구,~ 07/26(수),스튜디오비엑스
https://www.saramin.co.kr/zf_user/jobs/relay/view?isMypage=no&rec_idx=46073102,H&iruja 신입/경력 채용,충남아산시,~ 07/26(수),(주)에이치앤이루자
https://www.saramin.co.kr/zf_user/jobs/relay/view?isMypage=no&rec_idx=45784133,[직영] DYB최선어학원 각 부문 STAFF 모집,서울강남구,오늘마감,(주)DYB최선어학원
https://www.saramin.co.kr/zf_user/jobs/relay/view?isMypage=no&rec_idx=46046149,데이터 분석가 신입/경력 채용,서울전체,~ 07/31(월),(주)퍼플아카데미
https://www.saramin.co.kr/zf_user/jobs/relay/view?isMypage=no&rec_idx=45859650,[NDSOFT] 2023년도 상반기 개발자 채용(서울근무),서울강남구,~ 08/04(금),(주)엔디소프트
https://www.saramin.co.kr/zf_user/jobs/relay/view?isMypage=no&rec_idx=46173070,통합정산시스템 백엔드 개발자-주니어,서울강남구,~ 08/17(목),(주)더엠컴퍼니
https://www.saramin.co.kr/zf_user/jobs/relay/view?isMypage=no&rec_idx=45961723,[패스오더] 급성장중인 스타트업 '그로스 마케터' 채용,부산부산진구,상시채용,(주)페이타랩
https://www.saramin.co.kr/zf_user/jobs/relay/view?isMypage=no&rec_idx=46204382,"Cloud Platform (백엔드, 프론트엔드 등) 채용",서울강남구,~ 09/22(금),메가존클라우드(주)
https://www.saramin.co.kr/zf_user/jobs/relay/view?isMypage=no&rec_idx=46088753,2023년 채용연계형 인턴사원 모집,서울전체,17시마감,(주)디비아이엔씨
https://www.saramin.co.kr/zf_user/jobs/relay/view?isMypage=no&rec_idx=46085260,"[파두 FADU] 반도체 SSD, SoC 연구개발 엔지니어/전문연구요원",서울강남구,~ 08/31(목),(주)파두
https://www.saramin.co.kr/zf_user/jobs/relay/view?isMypage=no&rec_idx=46011740,[프람트테크놀로지] 소프트웨어 개발분야 정규직 신입사원 채용,서울강남구,~ 07/26(수),(주)프람트테크놀로지
https://www.saramin.co.kr/zf_user/jobs/relay/view?isMypage=no&rec_idx=46091640,데이터 분석 및 사업 기획(신규 / 경력) 모집 - 정규직,서울강남구,채용시,(주)마크클라우드
https://www.saramin.co.kr/zf_user/jobs/relay/view?isMypage=no&rec_idx=46046629,[대구] 전략기획본부 SW개발파트 신입/경력 채용,대구중구,~ 07/31(월),스타법무법인
https://www.saramin.co.kr/zf_user/jobs/relay/view?isMypage=no&rec_idx=46062701,웹개발자 채용(정규직),경기성남시 분당구,~ 08/03(목),(주)아보나로
https://www.saramin.co.kr/zf_user/jobs/relay/view?isMypage=no&rec_idx=46047689,마케팅 데이터 분석가 채용,서울강남구,~ 07/29(토),머큐리프로젝트(주)
https://www.saramin.co.kr/zf_user/jobs/relay/view?isMypage=no&rec_idx=45148197,[경력] Database 관리 경력사원 모집,서울마포구,~ 12/31(일),(주)교보문고
https://www.saramin.co.kr/zf_user/jobs/relay/view?isMypage=no&rec_idx=46117096,상반기 R&D 대규모 채용 (데이터분석/사이언티스트),서울강남구,~ 08/10(목),(주)반프
https://www.saramin.co.kr/zf_user/jobs/relay/view?isMypage=no&rec_idx=46121875,AI 서비스 연구 개발 - 자연어처리/빅데이터 분석,서울중구,채용시,아일리스프런티어(주)
https://www.saramin.co.kr/zf_user/jobs/relay/view?isMypage=no&rec_idx=46096837,[ISTQB 교육/자격시험 지원]SW 테스트 엔지니어 모집(각 부문),서울강남구,~ 07/31(월),(주)에스티에이테스팅컨설팅
https://www.saramin.co.kr/zf_user/jobs/relay/view?isMypage=no&rec_idx=46141951,[삼일회계법인] 인사/급여시스템 개발 및 운영 인력 모집,서울용산구,상시채용,삼일회계법인
https://www.saramin.co.kr/zf_user/jobs/relay/view?isMypage=no&rec_idx=46170050,[DNBSOFT] QA 엔지니어,서울강남구,상시채용,(주)디엔비소프트
https://www.saramin.co.kr/zf_user/jobs/relay/view?isMypage=no&rec_idx=46195138,[여의도/본사] 현대카드 데이터분석/SQL/추출/통계 담당 채용,서울영등포구,~ 08/20(일),(주)씨아이템프러리
https://www.saramin.co.kr/zf_user/jobs/relay/view?isMypage=no&rec_idx=46200100,[더핑크퐁컴퍼니] 유튜브 채널 운영 PM 인턴,서울서초구,~ 08/08(화),더핑크퐁컴퍼니(주)
https://www.saramin.co.kr/zf_user/jobs/relay/view?isMypage=no&rec_idx=46139259,[둥지-개발팀] 백엔드 앱/웹 개발자 채용,서울강남구,~ 08/12(토),(주)컨텍터스
https://www.saramin.co.kr/zf_user/jobs/relay/view?isMypage=no&rec_idx=46123151,[DNBSOFT] 웹 개발자 모집 (백엔드),서울강남구,상시채용,(주)디엔비소프트
https://www.saramin.co.kr/zf_user/jobs/relay/view?isMypage=no&rec_idx=46141884,(경력 / 신입) IT인프라/Colud 시스템 엔지니어 채용 공고,서울강남구,내일마감,(주)시큐어포인트
https://www.saramin.co.kr/zf_user/jobs/relay/view?isMypage=no&rec_idx=46106440,"데이터 엔지니어(BI 개발자, 데이터모델러) 채용(신입/경력)",서울강남구,~ 09/08(금),엠클라우드브리지(주)
https://www.saramin.co.kr/zf_user/jobs/relay/view?isMypage=no&rec_idx=46145248,프로그램개발자 모집합니다,부산사상구,~ 09/12(화),(주)삼정아이앤에스
https://www.saramin.co.kr/zf_user/jobs/relay/view?isMypage=no&rec_idx=46179369,[대전유성구/대기업] 네이버 계열사 서버관리지원(유지보수)채용,대전유성구,채용시,(주)맨파워코리아
https://www.saramin.co.kr/zf_user/jobs/relay/view?isMypage=no&rec_idx=45958483,(주)솔리드이엔지 사무직 - 클라우드 기술 신입사원 모집,대전유성구,채용시,(주)솔리드이엔지
https://www.saramin.co.kr/zf_user/jobs/relay/view?isMypage=no&rec_idx=46145846,AI 연구원 (신입/경력/전문연구요원) 채용,서울영등포구,~ 08/13(일),몬드리안에이아이(주)
https://www.saramin.co.kr/zf_user/jobs/relay/view?isMypage=no&rec_idx=46035189,[외국계/강남/성과급별도] 포르쉐 System Development 채용,서울강남구,채용시,(주)사람인에이치에스
https://www.saramin.co.kr/zf_user/jobs/relay/view?isMypage=no&rec_idx=46087169,(주4일 스타트업) 회로설계 및 펌웨어 개발,서울마포구,~ 09/04(월),(주)바로온
https://www.saramin.co.kr/zf_user/jobs/relay/view?isMypage=no&rec_idx=46126370,데이터 분석 / 백엔드 개발자 / 신입ㆍ경력 모집,서울영등포구,~ 07/31(월),주식회사지엔이테크홀딩스
https://www.saramin.co.kr/zf_user/jobs/relay/view?isMypage=no&rec_idx=46182057,[하나금융TI] 보안담당 경력사원 모집,인천전체,~ 07/30(일),(주)하나금융티아이
https://www.saramin.co.kr/zf_user/jobs/relay/view?isMypage=no&rec_idx=45978396,[오산/세마역 10분]반도체장비회사 연구소 신입/경력 채용,경기오산시,~ 08/20(일),㈜엘오티베큠
https://www.saramin.co.kr/zf_user/jobs/relay/view?isMypage=no&rec_idx=46177392,[넷마블 F&C 자회사] 프로그래머 경력무관 모집,서울성동구,채용시,메타버스엔터테인먼트(주)
https://www.saramin.co.kr/zf_user/jobs/relay/view?isMypage=no&rec_idx=46031879,[그리팅] 백오피스 엔지니어 (전환형 인턴),서울강남구,~ 07/31(월),(주)두들린
https://www.saramin.co.kr/zf_user/jobs/relay/view?isMypage=no&rec_idx=43226714,K8S Product Support Engineer,서울전체,상시채용,에스피케이인크(주)
https://www.saramin.co.kr/zf_user/jobs/relay/view?isMypage=no&rec_idx=46192041,백엔드 개발자 모집,서울강남구,상시채용,아이디비(주)
https://www.saramin.co.kr/zf_user/jobs/relay/view?isMypage=no&rec_idx=46031791,인공지능(AI)·빅데이터 과학팀-센서데이터 시각화(통계),서울영등포구,~ 07/31(월),(주)메디치소프트
https://www.saramin.co.kr/zf_user/jobs/relay/view?isMypage=no&rec_idx=46120849,주니어 백엔드 개발자,서울강남구,상시채용,(주)부스터스
https://www.saramin.co.kr/zf_user/jobs/relay/view?isMypage=no&rec_idx=46169337,[연구원/대전] 수자원환경연구소 특수직(기술관리_S/W개발) 채용,대전유성구,18시마감,한국수자원공사
https://www.saramin.co.kr/zf_user/jobs/relay/view?isMypage=no&rec_idx=46055878,(주)인터엠 연구소 부문별 신입/경력 채용 모집,서울도봉구,채용시,(주)인터엠
https://www.saramin.co.kr/zf_user/jobs/relay/view?isMypage=no&rec_idx=46194963,[신입/경력] 백엔드 개발자,서울성동구,~ 08/20(일),주식회사 퀀터스테크놀로지스
https://www.saramin.co.kr/zf_user/jobs/relay/view?isMypage=no&rec_idx=46083096,Software Engineer (Product Solution Development),경기성남시 분당구,~ 08/04(금),지멘스헬시니어스(주)
https://www.saramin.co.kr/zf_user/jobs/relay/view?isMypage=no&rec_idx=46123418,[한미약품관계사] (주)제이브이엠 SW팀(머신비전/영상처리) 모집,대구달서구,~ 08/10(목),㈜제이브이엠
https://www.saramin.co.kr/zf_user/jobs/relay/view?isMypage=no&rec_idx=46058425,[JOYCITY] 시스템 엔지니어 모집 (경력),경기성남시 분당구,~ 07/31(월),(주)조이시티
https://www.saramin.co.kr/zf_user/jobs/relay/view?isMypage=no&rec_idx=46203134,2023년도 하반기 금융 솔루션 PO(Product Owner) 경력지원 채용,서울구로구,~ 09/21(목),(주)이엘온소프트
https://www.saramin.co.kr/zf_user/jobs/relay/view?isMypage=no&rec_idx=46027116,임상병리사 경력사원 채용,대구전체,~ 07/27(목),엘비스뉴로 주식회사
https://www.saramin.co.kr/zf_user/jobs/relay/view?isMypage=no&rec_idx=43381967,보안 솔루션 및 플랫폼 개발자 채용,서울전체,상시채용,(주)모니터랩
https://www.saramin.co.kr/zf_user/jobs/relay/view?isMypage=no&rec_idx=46017138,[넛지헬스케어] 데이터분석가 - 석사/박사,서울강남구,~ 08/26(토),넛지헬스케어(주)
https://www.saramin.co.kr/zf_user/jobs/relay/view?isMypage=no&rec_idx=46166662,머신러닝/딥러닝 엔지니어 채용,서울중구,~ 07/30(일),(주)케이뱅크
https://www.saramin.co.kr/zf_user/jobs/relay/view?isMypage=no&rec_idx=45936669,"자사 플랫폼 개발자 채용 (신입,경력)",서울강남구,~ 07/31(월),(주)이스턴네트웍스
https://www.saramin.co.kr/zf_user/jobs/relay/view?isMypage=no&rec_idx=46094919,코스맥스그룹 7월 경력사원 모집,경기화성시,~ 07/31(월),코스맥스비티아이(주)
https://www.saramin.co.kr/zf_user/jobs/relay/view?isMypage=no&rec_idx=46181628,"한화솔루션 큐셀부문 셀장비, 물류자동화 경력채용 진천근무",충북진천군,~ 08/02(수),한화솔루션(주) 진천사업장
https://www.saramin.co.kr/zf_user/jobs/relay/view?isMypage=no&rec_idx=46038626,[아이나비시스템즈] GIS DB 및 컨텐츠(POI) 구축 담당자 모집,경기성남시 분당구,~ 07/29(토),(주)아이나비시스템즈
https://www.saramin.co.kr/zf_user/jobs/relay/view?isMypage=no&rec_idx=46161900,플랫폼개발팀_대리급,서울강남구,~ 07/31(월),(주)샌즈랩
https://www.saramin.co.kr/zf_user/jobs/relay/view?isMypage=no&rec_idx=46006451,단암시스템즈 연구개발직(소프트웨어) 신입/경력 모집,경기안양시 동안구,~ 07/26(수),단암시스템즈(주)
https://www.saramin.co.kr/zf_user/jobs/relay/view?isMypage=no&rec_idx=45591062,[캐시워크] 데이터분석 담당 (석사/박사),서울강남구,상시채용,넛지헬스케어(주)
https://www.saramin.co.kr/zf_user/jobs/relay/view?isMypage=no&rec_idx=46143619,(주)스마트코어 백엔드 채용 (신입/경력),서울금천구,채용시,(주)스마트코어
https://www.saramin.co.kr/zf_user/jobs/relay/view?isMypage=no&rec_idx=46058959,환경해양사업본부 신입 및 경력 직원 모집,서울구로구,~ 08/02(수),㈜세광종합기술단
https://www.saramin.co.kr/zf_user/jobs/relay/view?isMypage=no&rec_idx=46190566,SQA팀 자사 QA Engineer 채용,경기성남시 수정구,~ 08/19(토),슈어소프트테크(주)
https://www.saramin.co.kr/zf_user/jobs/relay/view?isMypage=no&rec_idx=45984639,[인텔리전스랩스] 탐지솔루션실 데이터 엔지니어,경기성남시 분당구,채용시,(주)넥슨
https://www.saramin.co.kr/zf_user/jobs/relay/view?isMypage=no&rec_idx=45969441,AI 연구원,경기전체,상시채용,한화비전(주)
https://www.saramin.co.kr/zf_user/jobs/relay/view?isMypage=no&rec_idx=46068623,[계약직/기간제] 서울대학교병원 영상의학과 연구원 채용 공고,서울종로구,~ 08/03(목),서울대학교병원
https://www.saramin.co.kr/zf_user/jobs/relay/view?isMypage=no&rec_idx=46123299,(주)한화/글로벌 App 개발자 경력사원 모집 (계약직),경기성남시 분당구,오늘마감,(주)한화
https://www.saramin.co.kr/zf_user/jobs/relay/view?isMypage=no&rec_idx=46204098,시너스텍(주) S/W팀 수시채용,경기성남시 분당구,~ 08/06(일),시너스텍(주)
https://www.saramin.co.kr/zf_user/jobs/relay/view?isMypage=no&rec_idx=46020494,[메타엠]기술연구소 개발자 채용,서울중구,채용시,(주)메타엠
https://www.saramin.co.kr/zf_user/jobs/relay/view?isMypage=no&rec_idx=46195211,"윈도우 응용SW(C#, Winform, WPF) 개발 신입/경력 모집",경기안양시 동안구,~ 08/20(일),단암시스템즈(주)
https://www.saramin.co.kr/zf_user/jobs/relay/view?isMypage=no&rec_idx=45826316,[효성ITX] 신사업전략 팀원 모집,서울영등포구,~ 07/30(일),효성아이티엑스(주)
https://www.saramin.co.kr/zf_user/jobs/relay/view?isMypage=no&rec_idx=46157591,[동국시스템즈] 빅데이터/클라우드 솔루션개발 및 기술지원 채용,서울중구,~ 07/30(일),동국시스템즈(주)
https://www.saramin.co.kr/zf_user/jobs/relay/view?isMypage=no&rec_idx=46002832,[OK금융그룹]OK인베스트먼트파트너스 경력직 채용공고,서울중구,~ 08/25(금),(주)오케이저축은행
https://www.saramin.co.kr/zf_user/jobs/relay/view?isMypage=no&rec_idx=46177689,[코스닥상장사] 경영관리 담당자 채용,서울송파구,~ 07/31(월),알서포트(주)
https://www.saramin.co.kr/zf_user/jobs/relay/view?isMypage=no&rec_idx=46193694,[데이트코스 1위 앱 데이트팝] 부산 프리랜서 컨텐츠 촬영작가,부산부산진구,~ 09/17(일),(주)텐핑거스
https://www.saramin.co.kr/zf_user/jobs/relay/view?isMypage=no&rec_idx=46027792,[파이오링크] WAF개발실 개발자 모집 (신입/경력),서울금천구,상시채용,(주)파이오링크
https://www.saramin.co.kr/zf_user/jobs/relay/view?isMypage=no&rec_idx=46195330,S/W 파트 경력 채용,인천연수구,~ 08/19(토),(주)캠시스
https://www.saramin.co.kr/zf_user/jobs/relay/view?isMypage=no&rec_idx=45602915,[SW] AI 자동화 기술 SW개발,경기전체,상시채용,(주)덴티움
https://www.saramin.co.kr/zf_user/jobs/relay/view?isMypage=no&rec_idx=46045950,충북대학교병원 국책과제 연구원 채용공고 (AI 딥러닝),충북청주시 서원구,~ 07/28(금),충북대학교병원
https://www.saramin.co.kr/zf_user/jobs/relay/view?isMypage=no&rec_idx=46107469,2023년 다원시스 상반기 신입/경력 공개채용,경기안양시 동안구,~ 08/09(수),(주)다원시스
https://www.saramin.co.kr/zf_user/jobs/relay/view?isMypage=no&rec_idx=46194045,2023년 하반기 지원직군(재무/보험계리) 공개채용,서울마포구,~ 08/20(일),(주)메인라인
https://www.saramin.co.kr/zf_user/jobs/relay/view?isMypage=no&rec_idx=46139370,백엔드 및 프론트엔드 개발 파트장 채용,서울영등포구,~ 08/11(금),(주)디노마드
https://www.saramin.co.kr/zf_user/jobs/relay/view?isMypage=no&rec_idx=46045356,CRM 데이터분석,서울전체,상시채용,콘센트릭스서비스코리아(유)
https://www.saramin.co.kr/zf_user/jobs/relay/view?isMypage=no&rec_idx=46199826,[뉴로메카] 제품개발그룹 인력 채용,서울성동구,~ 08/20(일),(주)뉴로메카
https://www.saramin.co.kr/zf_user/jobs/relay/view?isMypage=no&rec_idx=46052369,"[앤씨앤/넥스트칩] 2023년 7월 연구소, 영업마케팅 각 부문 모집",경기성남시 분당구,~ 07/31(월),(주)앤씨앤
https://www.saramin.co.kr/zf_user/jobs/relay/view?isMypage=no&rec_idx=46145427,㈜미코 2023년 하반기 각 부문 수시채용,경기화성시,~ 07/30(일),(주)미코
https://www.saramin.co.kr/zf_user/jobs/relay/view?isMypage=no&rec_idx=46166457,[차바이오텍] 병원전산시스템 개발/운영 담당(일산/강남차병원/서울역센터),서울강남구,~ 07/31(월),(주)차바이오텍
https://www.saramin.co.kr/zf_user/jobs/relay/view?isMypage=no&rec_idx=46162791,LIG시스템 각 부문별 신입/경력 채용,서울종로구,~ 07/31(월),(주)엘아이지시스템
https://www.saramin.co.kr/zf_user/jobs/relay/view?isMypage=no&rec_idx=46185239,메이크샵 사업부 대규모 인재 모집,서울금천구,~ 08/04(금),(주)커넥트웨이브
https://www.saramin.co.kr/zf_user/jobs/relay/view?isMypage=no&rec_idx=46148396,2023년 하반기 신입/경력 모집,경기성남시 수정구,~ 08/13(일),슈어소프트테크(주)
https://www.saramin.co.kr/zf_user/jobs/relay/view?isMypage=no&rec_idx=46105141,2023 하반기 퀸텟시스템즈 공개채용,서울영등포구,~ 07/30(일),(주)퀸텟시스템즈
https://www.saramin.co.kr/zf_user/jobs/relay/view?isMypage=no&rec_idx=45988058,GS칼텍스 에너지플러스 프런트(Vue.js) 개발 및 유지보수 담당자,서울강남구,~ 08/04(금),(주)지에스아이티엠
https://www.saramin.co.kr/zf_user/jobs/relay/view?isMypage=no&rec_idx=46078970,도미노피자 각 부문 (자회사 포함) 공개 채용,서울강남구,~ 07/31(월),청오디피케이(주)
https://www.saramin.co.kr/zf_user/jobs/relay/view?isMypage=no&rec_idx=45980213,[패스오더] 급성장중인 스타트업 ‘전직군’ 대규모 채용,서울강남구,~ 07/28(금),(주)페이타랩
https://www.saramin.co.kr/zf_user/jobs/relay/view?isMypage=no&rec_idx=45798889,"SW,제어,영업,구매,재무,시스템엔지니어 인재 채용",경기화성시,~ 07/28(금),디아이티(주)
https://www.saramin.co.kr/zf_user/jobs/relay/view?isMypage=no&rec_idx=46094187,[이그니스] 랩노쉬 2023년 공개채용,서울성동구,~ 08/10(목),(주)이그니스
https://www.saramin.co.kr/zf_user/jobs/relay/view?isMypage=no&rec_idx=46176914,㈜유니테스트 각 부문 신입 및 경력 채용,경기용인시 기흥구,~ 08/01(화),(주)유니테스트
https://www.saramin.co.kr/zf_user/jobs/relay/view?isMypage=no&rec_idx=46030097,서버 운영 담당자 모집,서울마포구,~ 07/27(목),(주)지에스아이티엠
https://www.saramin.co.kr/zf_user/jobs/relay/view?isMypage=no&rec_idx=46064983,(주)싸이버로지텍 2023년 경력 채용,서울마포구,~ 08/02(수),(주)싸이버로지텍
https://www.saramin.co.kr/zf_user/jobs/relay/view?isMypage=no&rec_idx=46173487,㈜티로보틱스 2023년 하반기 각부분 신입 및 경력사원 채용,경기오산시,내일마감,(주)티로보틱스
https://www.saramin.co.kr/zf_user/jobs/relay/view?isMypage=no&rec_idx=46130153,"GS칼텍스 SAP BW, SAP FI 시스템 운영 담당자 모집",서울강남구,~ 07/30(일),(주)지에스아이티엠
https://www.saramin.co.kr/zf_user/jobs/relay/view?isMypage=no&rec_idx=46187607,[GLAD 서울/제주 호텔 & 리조트] 부문별 신입 및 경력 직원 채용,서울영등포구,~ 08/03(목),글래드호텔앤리조트(주)
https://www.saramin.co.kr/zf_user/jobs/relay/view?isMypage=no&rec_idx=45716121,[현대오토에버] 전 부문 경력직 채용,서울강남구,상시채용,현대오토에버(주)
https://www.saramin.co.kr/zf_user/jobs/relay/view?isMypage=no&rec_idx=45839121,[하나텍시스템] 연구소 개발자 대규모 수시채용 진행중,경기광명시,~ 07/31(월),(주)하나텍시스템
https://www.saramin.co.kr/zf_user/jobs/relay/view?isMypage=no&rec_idx=46148137,2023년 하반기 각 부문 공개채용,부산강서구,~ 08/06(일),(주)테크로스
https://www.saramin.co.kr/zf_user/jobs/relay/view?isMypage=no&rec_idx=45921611,서울대학교병원 데이터분석/머신러닝 연구원 및 대학원생 채용,서울종로구,~ 08/13(일),서울대학교병원
https://www.saramin.co.kr/zf_user/jobs/relay/view?isMypage=no&rec_idx=46181326,㈜솔탑 2023년 부문별 신입/경력사원 모집,대전유성구,~ 08/18(금),(주)솔탑
https://www.saramin.co.kr/zf_user/jobs/relay/view?isMypage=no&rec_idx=45787790,에이엠텔레콤㈜ 신입/경력 채용 모집,경기성남시 분당구,오늘마감,에이엠텔레콤(주)
https://www.saramin.co.kr/zf_user/jobs/relay/view?isMypage=no&rec_idx=46164587,㈜쎄트렉아이 2023년 경력직 수시 채용,대전유성구,~ 07/30(일),(주)쎄트렉아이
https://www.saramin.co.kr/zf_user/jobs/relay/view?isMypage=no&rec_idx=46128797,2023년 각 부문 신입/경력 채용,서울구로구,~ 07/26(수),(주)에스에스알
https://www.saramin.co.kr/zf_user/jobs/relay/view?isMypage=no&rec_idx=46052654,2023년 7월 NE능률 신입 및 경력(수시) 채용,서울마포구,~ 07/31(월),(주)NE능률
https://www.saramin.co.kr/zf_user/jobs/relay/view?isMypage=no&rec_idx=46063034,[사업확장] 각 부문 신규 채용,경기성남시 분당구,~ 07/31(월),(주)마더케이
https://www.saramin.co.kr/zf_user/jobs/relay/view?isMypage=no&rec_idx=46079230,[주3일 원격근무] 2023년 7월 직무별 신입/경력 대규모 인재채용,서울구로구,내일마감,(주)비상교육
https://www.saramin.co.kr/zf_user/jobs/relay/view?isMypage=no&rec_idx=46113587,각 부문 신입/경력 채용 [BIZ개발/솔루션개발/기술지원/주차영업/영업지원/CS 외],서울강남구,~ 07/31(월),한국전자금융(주)
https://www.saramin.co.kr/zf_user/jobs/relay/view?isMypage=no&rec_idx=46104534,[SK그룹 계열사 ㈜더비즈] 각 부문별 신입/경력 채용,서울서초구,~ 08/18(금),(주)더비즈
https://www.saramin.co.kr/zf_user/jobs/relay/view?isMypage=no&rec_idx=46070235,"태광그룹 ㈜티시스아이티 우수 ""IT 기술 리더"" 영입",서울중구,~ 08/31(목),주식회사 티시스 아이티
https://www.saramin.co.kr/zf_user/jobs/relay/view?isMypage=no&rec_idx=46148484,2023년 하반기 각 부문별 수시 채용(연구소/엔지니어/사무직),충남천안시 서북구,~ 07/31(월),한국유미코아(유)
https://www.saramin.co.kr/zf_user/jobs/relay/view?isMypage=no&rec_idx=46127013,각 부문 신입 및 경력사원 채용,서울구로구,~ 07/31(월),(주)제머나이소프트
https://www.saramin.co.kr/zf_user/jobs/relay/view?isMypage=no&rec_idx=46190869,[서울/용인] 각 부문 경력사원 채용,경기용인시 처인구,~ 08/20(일),(주)라바웨이브
https://www.saramin.co.kr/zf_user/jobs/relay/view?isMypage=no&rec_idx=46199263,[D2C 미디어커머스] 콘텐츠 리더/재무회계/HR/프론트엔드 개발/웹디자인/바이럴,서울구로구,~ 08/21(월),올릿
https://www.saramin.co.kr/zf_user/jobs/relay/view?isMypage=no&rec_idx=46024685,[사세확장] 각 부서별 정규직 채용,경기김포시,~ 07/27(목),(주)인투알
https://www.saramin.co.kr/zf_user/jobs/relay/view?isMypage=no&rec_idx=46170615,2023 ㈜아이스크림아트 각 부문별 공개 채용,서울강남구,~ 08/16(수),(주)아이스크림아트
https://www.saramin.co.kr/zf_user/jobs/relay/view?isMypage=no&rec_idx=46148104,Personal Assistant / Project Application Engineer / HW integrator / SW-System Designer 채용,경기용인시 기흥구,~ 08/07(월),로버트보쉬코리아(유)
https://www.saramin.co.kr/zf_user/jobs/relay/view?isMypage=no&rec_idx=46188420,"SW 개발(JAVA) 연구원 채용(신입, 경력 무관)",경기성남시 분당구,~ 08/19(토),(주)에이텍아이오티
https://www.saramin.co.kr/zf_user/jobs/relay/view?isMypage=no&rec_idx=45918968,23년 알앤비소프트 JAVA 신입 개발자 채용,경기성남시 분당구,~ 07/31(월),㈜알앤비소프트
https://www.saramin.co.kr/zf_user/jobs/relay/view?isMypage=no&rec_idx=46056416,[국비무료 IT 취업과정] 자바개발자 교육생 모집(비전공자 가능),서울강남구,~ 08/20(일),(사)한국아이씨티기술협회
https://www.saramin.co.kr/zf_user/jobs/relay/view?isMypage=no&rec_idx=46189344,[부산근무] 신규 플랫폼 개발 신입 모집,부산동구,채용시,(주)빛솔커뮤니케이션
https://www.saramin.co.kr/zf_user/jobs/relay/view?isMypage=no&rec_idx=46163119,임베디드 하드웨어 및 소프트웨어 초.중급개발자 모집 [연구소],서울구로구,~ 08/15(화),에코스솔루션(주)
https://www.saramin.co.kr/zf_user/jobs/relay/view?isMypage=no&rec_idx=46181045,[클라우드네트웍스] 클라우드시스템 엔지니어 모집 (신입/경력),서울강남구,~ 08/18(금),(주)클라우드네트웍스
https://www.saramin.co.kr/zf_user/jobs/relay/view?isMypage=no&rec_idx=46175367,소프트웨어 개발 엔지니어 모집,부산동구,~ 08/18(금),(주)네오텍
https://www.saramin.co.kr/zf_user/jobs/relay/view?isMypage=no&rec_idx=46036741,[카카오자회사] 카카오공동체 상담시스템 솔루션 개발,경기성남시 분당구,~ 07/29(토),(주)디케이테크인
https://www.saramin.co.kr/zf_user/jobs/relay/view?isMypage=no&rec_idx=46116548,[SPOTV] 데이터기획팀 데이터엔지니어 채용,서울마포구,채용시,(주)스포티비
https://www.saramin.co.kr/zf_user/jobs/relay/view?isMypage=no&rec_idx=45862387,[플랜아이] 개발자 채용 (JSP JAVA WEB),대전유성구,~ 08/03(목),(주)플랜아이
https://www.saramin.co.kr/zf_user/jobs/relay/view?isMypage=no&rec_idx=46122481,"[엔키아] 전문연구요원 채용(개발자, AI)",경기성남시 분당구,내일마감,(주)엔키아
https://www.saramin.co.kr/zf_user/jobs/relay/view?isMypage=no&rec_idx=46029366,웹 프론트엔드 / 백엔드 신입 개발자 모집,서울중구,~ 08/27(일),케이에스이씨(주)
https://www.saramin.co.kr/zf_user/jobs/relay/view?isMypage=no&rec_idx=45936512,ICT융합 스마트팩토리 제어설계 교육생 모집(K-디지털),충남전체,~ 09/11(월),대한상공회의소 충남인력개발원
https://www.saramin.co.kr/zf_user/jobs/relay/view?isMypage=no&rec_idx=45533814,㈜한컴위드 PKI 솔루션 개발자 및 기술지원 채용,경기성남시 분당구,~ 07/31(월),(주)한컴위드
https://www.saramin.co.kr/zf_user/jobs/relay/view?isMypage=no&rec_idx=46200525,[강남] 프론트엔드 개발자,서울강남구,~ 09/19(화),투브플러스(주)
https://www.saramin.co.kr/zf_user/jobs/relay/view?isMypage=no&rec_idx=45906037,"AI, 머신러닝 데이터분석가 등 신입 및 경력 채용",서울강남구,~ 07/31(월),(주)에이아이더뉴트리진
https://www.saramin.co.kr/zf_user/jobs/relay/view?isMypage=no&rec_idx=45837337,[오픈메이트] 데이터엔지니어 및 Data Architect 인재 모집,서울서대문구,~ 07/31(월),(주)오픈메이트
https://www.saramin.co.kr/zf_user/jobs/relay/view?isMypage=no&rec_idx=46082145,[모션테크놀로지] 2023년 하반기 각 부문 신입/경력 공개채용,서울강남구,~ 08/03(목),(주)모션테크놀로지
https://www.saramin.co.kr/zf_user/jobs/relay/view?isMypage=no&rec_idx=46193518,[다우키움그룹사/본사] 다우기술 IT운영 엔지니어 모집,경기용인시 수지구,채용시,(주)사람인에이치에스
https://www.saramin.co.kr/zf_user/jobs/relay/view?isMypage=no&rec_idx=46111560,[스타랩스] 웹개발자 초/중/고/특급 채용,서울강남구,~ 08/09(수),주식회사 스타랩스
https://www.saramin.co.kr/zf_user/jobs/relay/view?isMypage=no&rec_idx=46181799,신입 ERP 개발 및 유지보수 채용,서울금천구,~ 08/18(금),(주)케이언트
https://www.saramin.co.kr/zf_user/jobs/relay/view?isMypage=no&rec_idx=46143940,Strategy DA 체험형 인턴 모집,경기성남시 분당구,~ 07/28(금),크림(주)
https://www.saramin.co.kr/zf_user/jobs/relay/view?isMypage=no&rec_idx=43875474,디지털전략팀 경력사원 채용,경기성남시 분당구,~ 12/31(화),코스맥스(주)
https://www.saramin.co.kr/zf_user/jobs/relay/view?isMypage=no&rec_idx=46112454,"에이아이티스토리 개발자 정규직 채용 (신입 가능, 경력자 우대)",서울서초구,~ 08/09(수),에이아이티스토리(주)
https://www.saramin.co.kr/zf_user/jobs/relay/view?isMypage=no&rec_idx=46173809,데이터 가공 분석 신입/경력사원 채용 - 정규직,부산부산진구,~ 08/17(목),(주)싸인랩
https://www.saramin.co.kr/zf_user/jobs/relay/view?isMypage=no&rec_idx=45821996,[LG그룹] 비즈테크아이 개발혁신센터 대규모 IT인재 채용,서울마포구,~ 07/30(일),(주)비즈테크아이
https://www.saramin.co.kr/zf_user/jobs/relay/view?isMypage=no&rec_idx=46188647,[(주) 쇼엠] 웹 퍼블리셔 채용,인천연수구,~ 08/19(토),(주)쇼엠
https://www.saramin.co.kr/zf_user/jobs/relay/view?isMypage=no&rec_idx=45961284,[패스오더] 급성장중인 스타트업 '데브옵스 엔지니어' 채용,서울강남구,상시채용,(주)페이타랩
https://www.saramin.co.kr/zf_user/jobs/relay/view?isMypage=no&rec_idx=46063870,S/W QA & Test Engineer (신입/경력) 모집합니다.,서울구로구,~ 08/02(수),컴즈(주)
https://www.saramin.co.kr/zf_user/jobs/relay/view?isMypage=no&rec_idx=46110123,Java Web 개발자 정규직 채용(경력무관),서울금천구,~ 09/08(금),(주)어픽
https://www.saramin.co.kr/zf_user/jobs/relay/view?isMypage=no&rec_idx=46175796,[LOST ARK] 게임 데이터엔지니어 담당,경기성남시 분당구,~ 07/31(월),(주)스마일게이트알피지
https://www.saramin.co.kr/zf_user/jobs/relay/view?isMypage=no&rec_idx=46097497,통계 분석 및 GIS 분석의 데이터 분석가 모십니다.,서울금천구,~ 08/06(일),(주)더원테크
https://www.saramin.co.kr/zf_user/jobs/relay/view?isMypage=no&rec_idx=46200035,[삼일회계법인] Digital & Data 운영 인턴 채용,서울용산구,~ 08/07(월),삼일회계법인
https://www.saramin.co.kr/zf_user/jobs/relay/view?isMypage=no&rec_idx=46093029,"프론트, 백엔드 개발자 채용 (경력)",경기의왕시,~ 08/05(토),(주)새론솔루션
https://www.saramin.co.kr/zf_user/jobs/relay/view?isMypage=no&rec_idx=46197349,[사세확장 충원] 이미지 데이터 단순 가공(라벨링),경기안양시 동안구,~ 08/20(일),(주)오토노머스에이투지
https://www.saramin.co.kr/zf_user/jobs/relay/view?isMypage=no&rec_idx=45908878,2023 (주)에이비에이치 SI개발팀 (팀장/사원급) 채용 (부산),부산해운대구,채용시,(주)에이비에이치
https://www.saramin.co.kr/zf_user/jobs/relay/view?isMypage=no&rec_idx=46141160,"IT 경력직 채용(백엔드개발, 서비스기획, 디지털마케팅, 자사몰프로모션)",서울강남구,~ 08/12(토),주식회사 리만코리아
https://www.saramin.co.kr/zf_user/jobs/relay/view?isMypage=no&rec_idx=46073243,HW / 임베디드 신입 및 경력 채용,경기수원시 영통구,~ 08/03(목),(주)위츠
https://www.saramin.co.kr/zf_user/jobs/relay/view?isMypage=no&rec_idx=45888446,KEPCO Digital Boot Camp 전력빅데이터기반 융합SW개발자 2기 모집,광주광산구,~ 08/07(월),대한상공회의소 광주인력개발원
https://www.saramin.co.kr/zf_user/jobs/relay/view?isMypage=no&rec_idx=46183644,의료AI 스타트업 (주)빔웍스 개발자 채용연계형 인턴 4기 모집,대구북구,~ 08/19(토),빔웍스
https://www.saramin.co.kr/zf_user/jobs/relay/view?isMypage=no&rec_idx=46145239,[교원그룹] 7월 신입/경력 정기 수시채용,서울중구,~ 07/30(일),(주)교원
https://www.saramin.co.kr/zf_user/jobs/relay/view?isMypage=no&rec_idx=46140617,(전액무료)빅데이터 융합 자바&파이썬 인공지능(AI) 풀스택 개발자 취업연계과정,서울구로구,~ 07/31(월),지스펙(주)
https://www.saramin.co.kr/zf_user/jobs/relay/view?isMypage=no&rec_idx=46186974,[하남풍산역] 이커머스회사 파이썬 개발(PM),경기하남시,~ 08/03(목),(주)시니어앤파트너즈
https://www.saramin.co.kr/zf_user/jobs/relay/view?isMypage=no&rec_idx=46039957,파이썬 기반의 내비게이션 테스트 자동화 스크립트 개발-정규직,서울성동구,~ 07/30(일),(주)모디엠
https://www.saramin.co.kr/zf_user/jobs/relay/view?isMypage=no&rec_idx=45923050,파이썬(딥러닝) 개발자 모집 [신입],경기용인시 수지구,~ 07/30(일),신플렛(주)
https://www.saramin.co.kr/zf_user/jobs/relay/view?isMypage=no&rec_idx=46114867,"파이썬, PHP 프로그래머 모집합니다.",서울서초구,~ 08/09(수),(주)덱시브
https://www.saramin.co.kr/zf_user/jobs/relay/view?isMypage=no&rec_idx=46038185,[알스퀘어] 파이썬 백엔드 개발자 경력직 채용,서울강남구,~ 07/31(월),(주)알스퀘어
https://www.saramin.co.kr/zf_user/jobs/relay/view?isMypage=no&rec_idx=46004338,(경력) 파이썬 개발자 모집,서울구로구,~ 07/26(수),상상스토리(주)
https://www.saramin.co.kr/zf_user/jobs/relay/view?isMypage=no&rec_idx=45847983,2023년 신입 및 경력 채용,경기성남시 분당구,~ 07/31(월),(주)디알텍
https://www.saramin.co.kr/zf_user/jobs/relay/view?isMypage=no&rec_idx=46079148,[알스퀘어] 파이썬 백엔드 서버 개발자 경력직 채용,서울강남구,~ 08/04(금),(주)알스퀘어
https://www.saramin.co.kr/zf_user/jobs/relay/view?isMypage=no&rec_idx=46109129,[퍼블릭에이아이] 파이썬 개발자 주니어 채용,서울서초구,~ 08/09(수),(주)퍼블릭에이아이
https://www.saramin.co.kr/zf_user/jobs/relay/view?isMypage=no&rec_idx=46088502,"파이썬 개발자 경력사원 채용공고 - 정규직, 계약직",서울금천구,~ 08/05(토),소프트랩스
https://www.saramin.co.kr/zf_user/jobs/relay/view?isMypage=no&rec_idx=45988700,한샘 경력사원 대규모 채용,서울마포구,~ 07/31(월),(주)한샘
https://www.saramin.co.kr/zf_user/jobs/relay/view?isMypage=no&rec_idx=46081347,각 부문 신입 / 경력 채용,경기군포시,~ 08/31(목),시냅스이미징(주)
https://www.saramin.co.kr/zf_user/jobs/relay/view?isMypage=no&rec_idx=46066350,"빅데이터(자바, 파이썬) 훈련강사 모집",대구중구,~ 08/03(목),(주)지아이티아카데미 대구
https://www.saramin.co.kr/zf_user/jobs/relay/view?isMypage=no&rec_idx=46142461,2023년 3분기 현대오토에버 신입/경력사원 대규모 채용,서울강남구,~ 07/31(월),현대오토에버(주)
https://www.saramin.co.kr/zf_user/jobs/relay/view?isMypage=no&rec_idx=46088620,파이썬 개발자 경력사원 모집,서울금천구,~ 08/05(토),(주)소프트랩스
https://www.saramin.co.kr/zf_user/jobs/relay/view?isMypage=no&rec_idx=45179740,파이썬 백엔드 엔지니어,서울전체,상시채용,올거나이즈코리아(주)
https://www.saramin.co.kr/zf_user/jobs/relay/view?isMypage=no&rec_idx=46058221,2023년 하반기 kt MOS북부 신입/경력 채용,서울강북구,~ 07/31(월),(주)케이티엠오에스북부
https://www.saramin.co.kr/zf_user/jobs/relay/view?isMypage=no&rec_idx=46042382,캐논코리아 각 부문 채용 (본사/지사),서울강남구,~ 07/31(월),캐논코리아 주식회사
https://www.saramin.co.kr/zf_user/jobs/relay/view?isMypage=no&rec_idx=46169327,CREVERSE 신입/경력사원 수시채용,서울강남구,~ 07/31(월),(주)크레버스
https://www.saramin.co.kr/zf_user/jobs/relay/view?isMypage=no&rec_idx=46163225,자바/빅데이터/파이썬 교강사 모집,서울영등포구,~ 08/31(목),한국능력개발직업전문학교
https://www.saramin.co.kr/zf_user/jobs/relay/view?isMypage=no&rec_idx=46010278,알피바이오 신입/경력 채용,서울강남구,내일마감,(주)알피바이오
https://www.saramin.co.kr/zf_user/jobs/relay/view?isMypage=no&rec_idx=45750005,딥노이드 신입 ·경력 채용공고,서울구로구,~ 09/22(금),(주)딥노이드
https://www.saramin.co.kr/zf_user/jobs/relay/view?isMypage=no&rec_idx=46145642,[HL만도] 2023년 하반기 SW Campus 신입/경력 채용(외국인 포함),경기성남시,~ 07/30(일),에이치엘만도(주)
https://www.saramin.co.kr/zf_user/jobs/relay/view?isMypage=no&rec_idx=45737108,㈜위즈코리아/㈜위즈COK '23년 하반기 신입/경력 사원 모집,서울강서구,~ 08/20(일),(주)위즈코리아
https://www.saramin.co.kr/zf_user/jobs/relay/view?isMypage=no&rec_idx=46129934,2023 토스뱅크 전직군 대규모 공개채용,서울강남구,~ 07/31(월),(주)비바리퍼블리카
https://www.saramin.co.kr/zf_user/jobs/relay/view?isMypage=no&rec_idx=46179848,2023년 하반기 경력·신입 대규모 인재영입,서울마포구,~ 07/31(월),(주)다우기술
https://www.saramin.co.kr/zf_user/jobs/relay/view?isMypage=no&rec_idx=46186977,C# /C++/파이선 프로그램 사용가능자 모집,경기부천시,~ 08/19(토),(주)아이에스엔티
https://www.saramin.co.kr/zf_user/jobs/relay/view?isMypage=no&rec_idx=46140655,2023년 하반기 신입 및 경력 공개채용,서울강남구,~ 08/15(화),(주)메일플러그
https://www.saramin.co.kr/zf_user/jobs/relay/view?isMypage=no&rec_idx=46124014,2023년 롯데에너지머티리얼즈 신입 및 경력사원 채용,서울강남구,내일마감,롯데에너지머티리얼즈(주)
https://www.saramin.co.kr/zf_user/jobs/relay/view?isMypage=no&rec_idx=46093344,2023년 각 부문별 신입/경력 수시 채용,경기수원시 영통구,~ 07/31(월),파크시스템스(주)
https://www.saramin.co.kr/zf_user/jobs/relay/view?isMypage=no&rec_idx=46131447,FY2023 하반기 교보생명 경력사원 채용공고,서울종로구,18시마감,교보생명보험(주)
https://www.saramin.co.kr/zf_user/jobs/relay/view?isMypage=no&rec_idx=46180063,풀무원 각 부문 경력•신입 모집,서울강남구,~ 07/31(월),(주)풀무원
https://www.saramin.co.kr/zf_user/jobs/relay/view?isMypage=no&rec_idx=46182275,스태츠칩팩코리아 신입 및 경력사원 모집,인천중구,~ 07/28(금),(유)스태츠칩팩코리아
https://www.saramin.co.kr/zf_user/jobs/relay/view?isMypage=no&rec_idx=46112363,2023년 SBS A&T 신입사원 공개채용,경기고양시 일산서구,~ 07/30(일),(주)에스비에스에이앤티
https://www.saramin.co.kr/zf_user/jobs/relay/view?isMypage=no&rec_idx=45953430,"자바, 파이썬 등 개발자 과정 강의가능한 전문강사를 채용합니다",경기성남시 중원구,상시채용,(주)하이미디어컴퓨터학원
https://www.saramin.co.kr/zf_user/jobs/relay/view?isMypage=no&rec_idx=46004342,"[그린컴퓨터학원]학원/직업훈련 교·강사 모집( 파이썬,마야 등)",경기부천시,~ 07/26(수),(주)지아이티아카데미 부천지점
https://www.saramin.co.kr/zf_user/jobs/relay/view?isMypage=no&rec_idx=45834279,파이썬 백엔드 개발자 채용,서울서초구,상시채용,(주)투블럭에이아이
https://www.saramin.co.kr/zf_user/jobs/relay/view?isMypage=no&rec_idx=46177809,부문별 신입/경력사원 수시 채용,서울용산구,~ 07/30(일),엘에스아이티씨(주)
https://www.saramin.co.kr/zf_user/jobs/relay/view?isMypage=no&rec_idx=46079511,국내 광고 포털 유지 보수 및 신규 서비스 개발 (Python),서울강남구,~ 07/31(월),(주)애드크림
https://www.saramin.co.kr/zf_user/jobs/relay/view?isMypage=no&rec_idx=45980492,개발본부 Python 개발자,인천연수구,~ 08/04(금),(주)유진로봇
https://www.saramin.co.kr/zf_user/jobs/relay/view?isMypage=no&rec_idx=46016823,"파이썬/Python 경력, 머니쿤 체험단 서비스 개발자 채용",서울동대문구,~ 07/26(수),(주)핫셀러
https://www.saramin.co.kr/zf_user/jobs/relay/view?isMypage=no&rec_idx=45990007,[안진회계법인] 공공기관 스크래핑 담당자 (Java/Python),서울영등포구,채용시,안진회계법인
https://www.saramin.co.kr/zf_user/jobs/relay/view?isMypage=no&rec_idx=45971432,2023년 상반기 딥러닝/머신러닝/연구원/Python外 모집 공고,서울영등포구,채용시,한림대학교산학협력단
https://www.saramin.co.kr/zf_user/jobs/relay/view?isMypage=no&rec_idx=45890587,"프로그래머 채용(C++,Python,C#)[대전,세종]",대전유성구,~ 08/08(화),(주)가치소프트
https://www.saramin.co.kr/zf_user/jobs/relay/view?isMypage=no&rec_idx=42358916,"[패스오더] 백엔드 개발자 (Spring, Python, MSA) (병역특례/산업기능요원/보충역/전직)",서울강남구,상시채용,(주)페이타랩
https://www.saramin.co.kr/zf_user/jobs/relay/view?isMypage=no&rec_idx=46007294,차량용 Software Test 자동화 개발(Python) 및 검증,인천서구,~ 08/25(금),(주)링크제니시스
https://www.saramin.co.kr/zf_user/jobs/relay/view?isMypage=no&rec_idx=46023452,Python Backend 개발자 채용,경기전체,상시채용,쿤텍(주)
https://www.saramin.co.kr/zf_user/jobs/relay/view?isMypage=no&rec_idx=46007552,[채용] C# S/W 개발자 or Python 응용 S/W 개발,서울금천구,~ 07/26(수),제스엔지니어링
https://www.saramin.co.kr/zf_user/jobs/relay/view?isMypage=no&rec_idx=45816502,[AI] Python JAVA 머신러닝 개발자 모집,대전유성구,상시채용,(주)아이와즈
https://www.saramin.co.kr/zf_user/jobs/relay/view?isMypage=no&rec_idx=45822827,[Python] 백엔드 개발자(3년 이상),서울서초구,~ 07/27(목),식스티헤르츠(주)
https://www.saramin.co.kr/zf_user/jobs/relay/view?isMypage=no&rec_idx=45823710,"백엔드 서버개발자 정규직 채용 ( MySQL , C언어 , Python )",서울송파구,~ 07/30(일),엔트로링크(주)
https://www.saramin.co.kr/zf_user/jobs/relay/view?isMypage=no&rec_idx=45963028,"웹프로그래머(JAVA/Spring, Vue, Angular, php, python)등",서울강서구,~ 08/14(월),㈜호디
https://www.saramin.co.kr/zf_user/jobs/relay/view?isMypage=no&rec_idx=45941524,"백엔드/서버 개발자 (Django, Python)",서울강남구,상시채용,솔닥(주)
https://www.saramin.co.kr/zf_user/jobs/relay/view?isMypage=no&rec_idx=45825027,REACT · PHP · PYTHON 개발자 채용,서울영등포구,~ 07/30(일),행복쇼핑(주)
https://www.saramin.co.kr/zf_user/jobs/relay/view?isMypage=no&rec_idx=46055251,[주4.5일] Python 개발직무 경력 채용,서울구로구,~ 08/02(수),(주)인라이플
https://www.saramin.co.kr/zf_user/jobs/relay/view?isMypage=no&rec_idx=46066151,IT개발·데이터(Python/Linux) 채용,서울영등포구,채용시,(주)파워넥스
https://www.saramin.co.kr/zf_user/jobs/relay/view?isMypage=no&rec_idx=45893370,"머신러닝&인공지능(AI)&Python 外 정규직, 인턴 채용 연장",서울영등포구,~ 08/08(화),(주)더블유에이아이
https://www.saramin.co.kr/zf_user/jobs/relay/view?isMypage=no&rec_idx=46080939,[전략개발팀] Python(파이썬) 개발자,서울강남구,상시채용,(주)올라핀테크
https://www.saramin.co.kr/zf_user/jobs/relay/view?isMypage=no&rec_idx=43750042,"(주)바이오커넥트 - [신입 및 경력] 영상처리 알고리즘 개발(Python,딥러닝)",서울전체,상시채용,(주)바이오커넥트
https://www.saramin.co.kr/zf_user/jobs/relay/view?isMypage=no&rec_idx=45794191,파이썬(Python) 개발자 신입/경력 모집,부산기장군,내일마감,(주)아이렘기술개발
https://www.saramin.co.kr/zf_user/jobs/relay/view?isMypage=no&rec_idx=46076925,Python 코드 작성,경기성남시 분당구,~ 08/04(금),(주)모비스
https://www.saramin.co.kr/zf_user/jobs/relay/view?isMypage=no&rec_idx=41068534,"[패스오더] 백엔드 개발자(Spring, Python, MSA)",서울강남구,상시채용,(주)페이타랩
https://www.saramin.co.kr/zf_user/jobs/relay/view?isMypage=no&rec_idx=45847487,Python 개발,서울강남구,상시채용,(주)캐처스
https://www.saramin.co.kr/zf_user/jobs/relay/view?isMypage=no&rec_idx=46124906,"Python/Django 개발자, 디자이너, 퍼블리셔, 기획자 신입/경력",서울강남구,~ 08/11(금),(주)에스아이알소프트
https://www.saramin.co.kr/zf_user/jobs/relay/view?isMypage=no&rec_idx=46005338,[파이썬/Python 경력] 머니쿤 체험단 서비스 개발자 채용,서울동대문구,~ 07/31(월),(주)핫셀러
https://www.saramin.co.kr/zf_user/jobs/relay/view?isMypage=no&rec_idx=45874828,"Python, .Net, C# 개발자 모집",서울서초구,채용시,(주)디에스솔루션즈
https://www.saramin.co.kr/zf_user/jobs/relay/view?isMypage=no&rec_idx=45865684,[운영개선팀] Python(파이썬) 개발자,서울강남구,상시채용,(주)올라핀테크
https://www.saramin.co.kr/zf_user/jobs/relay/view?isMypage=no&rec_idx=45836496,빅데이터/DataAnalysis/Python/JAVA/SAS 인재 채용,서울강남구,~ 07/31(월),(주)그루넷
https://www.saramin.co.kr/zf_user/jobs/relay/view?isMypage=no&rec_idx=44187454,"[아이티존]Python/Java-빅데이터솔루션개발(경력,정규직,대전)",대전전체,상시채용,(주)아이티존
https://www.saramin.co.kr/zf_user/jobs/relay/view?isMypage=no&rec_idx=45802034,[인텔리전스랩스] 부스트파트 백엔드 개발자(Python/OpenSearch),경기성남시 분당구,채용시,(주)넥슨
https://www.saramin.co.kr/zf_user/jobs/relay/view?isMypage=no&rec_idx=46142714,[아키텍처팀] 개발자 모집(JAVA/Python),서울마포구,~ 08/13(일),(주)씨에스리
https://www.saramin.co.kr/zf_user/jobs/relay/view?isMypage=no&rec_idx=41414828,백엔드 엔지니어 (Python),서울전체,상시채용,(주)피플펀드컴퍼니
https://www.saramin.co.kr/zf_user/jobs/relay/view?isMypage=no&rec_idx=46023118,Python Backend 개발자 채용,경기성남시 수정구,~ 08/27(일),쿤텍(주)
https://www.saramin.co.kr/zf_user/jobs/relay/view?isMypage=no&rec_idx=46080425,Python 개발자 모집,서울강남구,~ 07/31(월),(주)애드크림
https://www.saramin.co.kr/zf_user/jobs/relay/view?isMypage=no&rec_idx=45981773,이커머스 솔루션 Python Backend 개발자,서울강남구,상시채용,(주)샐러드랩
https://www.saramin.co.kr/zf_user/jobs/relay/view?isMypage=no&rec_idx=46040484,"Back-end Engineer(AWS, Python, API) 경력 채용",서울금천구,채용시,(주)카비
https://www.saramin.co.kr/zf_user/jobs/relay/view?isMypage=no&rec_idx=45565606,백엔드 엔지니어 (Python),서울마포구,상시채용,(주)데이터비
https://www.saramin.co.kr/zf_user/jobs/relay/view?isMypage=no&rec_idx=45822957,Python(파이썬) Backend(3년 이상),서울서초구,상시채용,식스티헤르츠(주)
https://www.saramin.co.kr/zf_user/jobs/relay/view?isMypage=no&rec_idx=45961232,[패스오더] 급성장중인 스타트업 'Back-End 개발자' 채용,서울전체,상시채용,(주)페이타랩
https://www.saramin.co.kr/zf_user/jobs/relay/view?isMypage=no&rec_idx=45728636,개발/PM/설계/품질 정규직 채용,경기성남시 분당구,~ 08/01(화),(주)딥인사이트
https://www.saramin.co.kr/zf_user/jobs/relay/view?isMypage=no&rec_idx=46094091,LG디스플레이 Vision S/W 분야 경력 상시채용,서울강서구,상시채용,엘지디스플레이(주)
https://www.saramin.co.kr/zf_user/jobs/relay/view?isMypage=no&rec_idx=46094834,[병역특례] 인공지능연구원 (전문연구요원),서울강남구,~ 09/05(화),(주)제이엘케이
https://www.saramin.co.kr/zf_user/jobs/relay/view?isMypage=no&rec_idx=46190581,[인텔리전스랩스] 데이터 분석가 (메이플스토리 게임 분석),경기성남시 분당구,채용시,(주)넥슨
https://www.saramin.co.kr/zf_user/jobs/relay/view?isMypage=no&rec_idx=46008238,[면접비 지급] 인공지능 기반 머신비전 연구개발,경기화성시,~ 07/26(수),(주)트윔
https://www.saramin.co.kr/zf_user/jobs/relay/view?isMypage=no&rec_idx=46080805,[국비지원] IT전문가(제조 빅데이터/AI분석가) 교육생 모집,경남진주시,~ 07/28(금),경상국립대학교산학협력단
https://www.saramin.co.kr/zf_user/jobs/relay/view?isMypage=no&rec_idx=46179437,딥러닝/블록체인 기반 기술 R&D 및 솔루션 구축 연구개발직 연구원 채용 [부설연구소],광주북구,~ 08/17(목),(주)미르이즈
https://www.saramin.co.kr/zf_user/jobs/relay/view?isMypage=no&rec_idx=46143749,연료전지 시스템 개발자 신입 채용,울산남구,~ 08/12(토),(주)에스더블유이노베이션
https://www.saramin.co.kr/zf_user/jobs/relay/view?isMypage=no&rec_idx=46087745,"Qoo10 기술본부 경력 채용 (시스템 엔지니어, DBA, 보안)",서울강남구,~ 07/31(월),지오시스(유)
https://www.saramin.co.kr/zf_user/jobs/relay/view?isMypage=no&rec_idx=46030487,[네오플] 프로그래머/엔지니어 인재 모집,제주제주시,상시채용,(주)네오플
https://www.saramin.co.kr/zf_user/jobs/relay/view?isMypage=no&rec_idx=46127241,[안랩-제이슨] 신입 및 경력 모집_빅데이터/컨설턴트/기획,서울마포구,~ 08/11(금),(주)제이슨
https://www.saramin.co.kr/zf_user/jobs/relay/view?isMypage=no&rec_idx=45961729,[패스오더] 급성장중인 스타트업 '데이터 엔지니어' 채용,부산부산진구,상시채용,(주)페이타랩
https://www.saramin.co.kr/zf_user/jobs/relay/view?isMypage=no&rec_idx=46202658,[광화문/신입/재택병행] 외국계 유명IT사 Jr. 테크라이터 모집,서울종로구,채용시,(주)맨파워그룹코리아
https://www.saramin.co.kr/zf_user/jobs/relay/view?isMypage=no&rec_idx=46046281,[네오플] 게임그래픽 직군 분야별 모집,제주제주시,상시채용,(주)네오플
https://www.saramin.co.kr/zf_user/jobs/relay/view?isMypage=no&rec_idx=46179883,​[취업연계형국비무료교육] 자바프로그래밍개발자 훈련생모집,서울전체,~ 08/02(수),(주)이젠아카데미인재개발원
https://www.saramin.co.kr/zf_user/jobs/relay/view?isMypage=no&rec_idx=46146960,"Senior, Application Operation Engineer",서울강남구,~ 08/13(일),쿠팡(주)
https://www.saramin.co.kr/zf_user/jobs/relay/view?isMypage=no&rec_idx=45859644,[NDSOFT] 23년도 상반기 개발자 채용(부산근무),부산해운대구,~ 08/04(금),(주)엔디소프트
https://www.saramin.co.kr/zf_user/jobs/relay/view?isMypage=no&rec_idx=46052112,2023 엔젤로보틱스 전문연구요원 채용,서울성동구,~ 07/31(월),(주)엔젤로보틱스
https://www.saramin.co.kr/zf_user/jobs/relay/view?isMypage=no&rec_idx=46083437,서울대학교병원 데이터 엔지니어 채용,서울종로구,~ 09/04(월),서울대학교병원
https://www.saramin.co.kr/zf_user/jobs/relay/view?isMypage=no&rec_idx=46171829,Azure infra 구축 엔지니어,서울강남구,~ 08/16(수),(주)티디지
https://www.saramin.co.kr/zf_user/jobs/relay/view?isMypage=no&rec_idx=46021831,"[쿠팡CFS] 물류 자동화 로봇(AGV,AMR) S/W 엔지니어",대구달성군,~ 07/31(월),쿠팡풀필먼트서비스(유)
https://www.saramin.co.kr/zf_user/jobs/relay/view?isMypage=no&rec_idx=46051941,[뮤직플랫폼FLO] Backend(Junior) 개발자,서울서초구,상시채용,(주)드림어스컴퍼니
https://www.saramin.co.kr/zf_user/jobs/relay/view?isMypage=no&rec_idx=46064495,"경영지원 대규모 채용 (HR, Finance, Legal, CES, CLS 등)",서울송파구,~ 07/31(월),쿠팡(주)
https://www.saramin.co.kr/zf_user/jobs/relay/view?isMypage=no&rec_idx=45922967,주니어 데브옵스 엔지니어(DevOps Engineer),서울서초구,상시채용,(주)와탭랩스
https://www.saramin.co.kr/zf_user/jobs/relay/view?isMypage=no&rec_idx=45879053,클라우드엔지니어/서비스 보안/IT인프라/클라우드 운영관리,서울금천구,~ 07/31(월),디딤365(주)
https://www.saramin.co.kr/zf_user/jobs/relay/view?isMypage=no&rec_idx=46096898,㈜지엔코 시스템부문 개발팀 및 전산운영팀 경력직원 채용,서울송파구,~ 09/05(화),(주)지엔코
https://www.saramin.co.kr/zf_user/jobs/relay/view?isMypage=no&rec_idx=45905723,데이터 분석 컨설턴트 채용 공고(신입/경력),경기성남시 분당구,~ 08/11(금),㈜사이람
https://www.saramin.co.kr/zf_user/jobs/relay/view?isMypage=no&rec_idx=46094323,인프라 운영 관리( 시스템 엔지니어 ) #유연근무#정규직#선릉역,서울강남구,~ 08/06(일),(주)메일플러그
https://www.saramin.co.kr/zf_user/jobs/relay/view?isMypage=no&rec_idx=46121907,㈜티로보틱스 2023년 하반기 각부분 신입 및 경력사원 채용,경기오산시,~ 08/01(화),(주)티로보틱스
https://www.saramin.co.kr/zf_user/jobs/relay/view?isMypage=no&rec_idx=46003383,(주)더캐리 정보혁신부 IT부문별 공개채용,서울용산구,~ 07/26(수),(주)더캐리
https://www.saramin.co.kr/zf_user/jobs/relay/view?isMypage=no&rec_idx=46025248,[Coupang] Back-end Engineer (FTS),서울전체,상시채용,쿠팡(주)
https://www.saramin.co.kr/zf_user/jobs/relay/view?isMypage=no&rec_idx=46041798,(주)푸드테크 IT부문 데이터 엔지니어 채용,서울강남구,~ 07/31(월),(주)푸드테크
https://www.saramin.co.kr/zf_user/jobs/relay/view?isMypage=no&rec_idx=46021312,2023 디노마드 개발 파트장 채용,서울영등포구,~ 07/28(금),(주)디노마드
https://www.saramin.co.kr/zf_user/jobs/relay/view?isMypage=no&rec_idx=46122235,[뉴로메카] 시스템개발그룹 인력 채용,경북포항시 북구,~ 07/31(월),(주)뉴로메카
https://www.saramin.co.kr/zf_user/jobs/relay/view?isMypage=no&rec_idx=45946231,Program Management Consultant,서울송파구,채용시,쿠팡(주)
https://www.saramin.co.kr/zf_user/jobs/relay/view?isMypage=no&rec_idx=46020537,[쿠팡CFS] Business Data Analyst (비즈니스 분석가),서울송파구,~ 07/31(월),쿠팡풀필먼트서비스(유)
https://www.saramin.co.kr/zf_user/jobs/relay/view?isMypage=no&rec_idx=46064052,NHN 아카데미 채용연계형 개발자 부트캠프 연수생 모집,경남김해시,~ 08/17(목),한국표준협회
https://www.saramin.co.kr/zf_user/jobs/relay/view?isMypage=no&rec_idx=46026842,사내 IT Infra 담당자 채용,서울전체,상시채용,(주)지엔텔
https://www.saramin.co.kr/zf_user/jobs/relay/view?isMypage=no&rec_idx=45121052,[에너지IT기업 해줌] 데이터 분석(Data Analysis),서울전체,상시채용,(주)해줌
https://www.saramin.co.kr/zf_user/jobs/relay/view?isMypage=no&rec_idx=46156008,파이썬 개발자 인력 채용,서울영등포구,~ 08/16(수),(주)상상할수없는
https://www.saramin.co.kr/zf_user/jobs/relay/view?isMypage=no&rec_idx=45795837,Vision/MFC/C# Python Tensorflow CUDA yolo v5 개발직,충남천안시 동남구,내일마감,화랑
https://www.saramin.co.kr/zf_user/jobs/relay/view?isMypage=no&rec_idx=46141986,Python 경력 채용,서울광진구,~ 08/12(토),코드크레인(유)
https://www.saramin.co.kr/zf_user/jobs/relay/view?isMypage=no&rec_idx=46206329,[STO 투자 플랫폼] 백엔드 python 개발자 채용,서울구로구,상시채용,주식회사 에버트레져
https://www.saramin.co.kr/zf_user/jobs/relay/view?isMypage=no&rec_idx=46124711,"백엔드 개발자(모바일게임,Node.js,AWS,API,Python,SQL)",경기성남시 수정구,내일마감,(주)스카우트플랜
https://www.saramin.co.kr/zf_user/jobs/relay/view?isMypage=no&rec_idx=46049682,"프로그래밍(JAVA, Python) / 디자인 / OA 분야 강사 채용",충북청주시 상당구,~ 07/31(월),(주)한국아이티전문학원
https://www.saramin.co.kr/zf_user/jobs/relay/view?isMypage=no&rec_idx=46191413,"Sr. Back-end Engineer (백엔드 개발자, Python) - 글로벌 IT",서울강남구,~ 08/19(토),HeNny & McCoy
https://www.saramin.co.kr/zf_user/jobs/relay/view?isMypage=no&rec_idx=46106890,크립토택스팀에서 Python 개발자를 찾고 있어요,서울강남구,채용시,(주)더블엑스소프트
https://www.saramin.co.kr/zf_user/jobs/relay/view?isMypage=no&rec_idx=45150066,Python 개발자 채용,경기전체,상시채용,티에스엔랩(주)
https://www.saramin.co.kr/zf_user/jobs/relay/view?isMypage=no&rec_idx=45950020,"머신비전 개발자 , C/C++/C#, OpenCV, MIL, PYTHON",경기용인시 기흥구,~ 08/17(목),(주)핸디비전
https://www.saramin.co.kr/zf_user/jobs/relay/view?isMypage=no&rec_idx=46142180,"RPA, Python, Javascript 외 정규직 모집 공고(신입)",경기성남시 중원구,~ 08/13(일),(주)동양엔아이엔씨
https://www.saramin.co.kr/zf_user/jobs/relay/view?isMypage=no&rec_idx=46113540,"응용프로그램개발(Python, .NET, C#) 채용 공고",서울금천구,~ 08/09(수),(주)솔브리드플러스
https://www.saramin.co.kr/zf_user/jobs/relay/view?isMypage=no&rec_idx=46149307,"(주)아이팩토리 백엔드 경력 개발자 (Python, FastAPI)",서울서초구,18시마감,(주)아이팩토리
https://www.saramin.co.kr/zf_user/jobs/relay/view?isMypage=no&rec_idx=46134281,[경력/신입] 개발실 소프트웨어 개발자 모집(python 개발자 우대,경기구리시,~ 09/11(월),(주)헤르스
https://www.saramin.co.kr/zf_user/jobs/relay/view?isMypage=no&rec_idx=46174814,"데이터분석/Python, R, Tableau 활용 능력/세계적인 게임사/판교",경기성남시 분당구,~ 08/02(수),(주)에이치알비즈코리아
https://www.saramin.co.kr/zf_user/jobs/relay/view?isMypage=no&rec_idx=45813434,백엔드 개발자 (Python/FastAPI Flask),서울강남구,채용시,(주)라온퓨쳐
https://www.saramin.co.kr/zf_user/jobs/relay/view?isMypage=no&rec_idx=46025032,Python 백엔드 개발자,서울마포구,상시채용,(주)펫박스
https://www.saramin.co.kr/zf_user/jobs/relay/view?isMypage=no&rec_idx=46199860,[AI번역 서비스] 백엔드 개발자-Python,서울서초구,~ 08/20(일),브랜드미
https://www.saramin.co.kr/zf_user/jobs/relay/view?isMypage=no&rec_idx=44768051,[경력] 서버 엔지니어 (Python),서울강남구,상시채용,(주)페이히어
https://www.saramin.co.kr/zf_user/jobs/relay/view?isMypage=no&rec_idx=46130067,"플랫폼개발(Python, Java) 경력직(3년이상) 채용",서울강남구,~ 08/10(목),주식회사 두나미스아트테크놀로지스
https://www.saramin.co.kr/zf_user/jobs/relay/view?isMypage=no&rec_idx=45226757,Python Backend Developer (Middle),서울강남구,상시채용,(주)바비톡
https://www.saramin.co.kr/zf_user/jobs/relay/view?isMypage=no&rec_idx=46180523,"Backend Engineer (Django, Python)",서울중구,상시채용,인터커넥션
https://www.saramin.co.kr/zf_user/jobs/relay/view?isMypage=no&rec_idx=45973833,헬리오센(주) Python 응용S/W 개발자 경력 채용,경기성남시 분당구,채용시,헬리오센(주)
https://www.saramin.co.kr/zf_user/jobs/relay/view?isMypage=no&rec_idx=46163660,"보안 솔루션 개발/Go, Python",서울구로구,채용시,라이트피플
https://www.saramin.co.kr/zf_user/jobs/relay/view?isMypage=no&rec_idx=46038365,Python을 활용한 중고등 수학 문제 제작 인턴 채용,경기안양시 동안구,~ 07/29(토),(주)프로키언
https://www.saramin.co.kr/zf_user/jobs/relay/view?isMypage=no&rec_idx=46102227,[이노비즈/IT] Java / Backend(python) 개발자,서울서초구,오늘마감,HR컨설팅(주)
https://www.saramin.co.kr/zf_user/jobs/relay/view?isMypage=no&rec_idx=46031768,Python 개발자 채용,경기용인시 기흥구,채용시,티에스엔랩(주)
https://www.saramin.co.kr/zf_user/jobs/relay/view?isMypage=no&rec_idx=46003696,Mind AI - Python Backend Engineer,서울중구,~ 08/25(금),(주)마인드에이아이
https://www.saramin.co.kr/zf_user/jobs/relay/view?isMypage=no&rec_idx=46067714,정규직 파이썬 (Python) 채용(경력),서울성동구,채용시,트래블라이(주)
https://www.saramin.co.kr/zf_user/jobs/relay/view?isMypage=no&rec_idx=45425126,Python Backend Developer (Senior),서울강남구,상시채용,(주)바비톡
https://www.saramin.co.kr/zf_user/jobs/relay/view?isMypage=no&rec_idx=46186291,"고객관리 시스템 유지보수/JAVA, Python jenkins 우대 (2)",서울중구,~ 07/26(수),(주)제이투이
https://www.saramin.co.kr/zf_user/jobs/relay/view?isMypage=no&rec_idx=46207283,"[경력무관] 소프트웨어 개발자(C/C++, Python) 모집",대전유성구,~ 08/31(목),위메(주)
https://www.saramin.co.kr/zf_user/jobs/relay/view?isMypage=no&rec_idx=46186161,"JAVA 운영/유지보수 을지로, Python, jenkins 경험 우대 (1)",서울중구,~ 07/26(수),(주)제이투이
https://www.saramin.co.kr/zf_user/jobs/relay/view?isMypage=no&rec_idx=46140385,Python 프리랜서 개발자 채용(경력),서울성동구,채용시,트래블라이(주)
https://www.saramin.co.kr/zf_user/jobs/relay/view?isMypage=no&rec_idx=46167833,[핀테크/python] 백엔드 엔지니어 (6년 이상),서울중구,~ 09/16(토),(주)파운트
https://www.saramin.co.kr/zf_user/jobs/relay/view?isMypage=no&rec_idx=45899602,"Python&딥러닝&머신러닝 외 정규직 채용합니다(신입, 경력)",경기안양시 동안구,상시채용,(주)더모우스트
https://www.saramin.co.kr/zf_user/jobs/relay/view?isMypage=no&rec_idx=44846739,"해석엔진개발 (C++, Python, MATLAB, CUDA)",서울전체,상시채용,이에이트(주)
https://www.saramin.co.kr/zf_user/jobs/relay/view?isMypage=no&rec_idx=45990927,Python 시스템 개발자 신입 및 경력사원 채용,경기성남시 분당구,~ 07/26(수),마스코리아(주)
https://www.saramin.co.kr/zf_user/jobs/relay/view?isMypage=no&rec_idx=45931103,"웹개발자(Python, DJango)",서울성동구,상시채용,리걸테크(주)
https://www.saramin.co.kr/zf_user/jobs/relay/view?isMypage=no&rec_idx=46171312,[바이브컴퍼니] 공공프로젝트 파이썬 개발자 신입 모집,서울용산구,~ 08/17(목),(주)바이브컴퍼니
